City_ID,City,Lat,Lng,Max Temp,Humidity,Cloudiness,Wind Speed,Country,Date
0,kilgore,32.3863,-94.8758,27.16,65,40,3.09,US,1726372153
1,enewetak,11.3474,162.3373,29.19,77,100,6.35,MH,1726372154
2,marsabit,2.3284,37.9899,16.06,61,19,8.25,KE,1726372156
3,whitehorse,60.7161,-135.0538,9.89,63,81,1.34,CA,1726372056
4,port-aux-francais,-49.35,70.2167,0.56,63,90,14.13,TF,1726372158
5,moroni,-11.7022,43.2551,24.79,75,1,1.44,KM,1726372159
6,touros,-5.1989,-35.4608,22.06,86,1,5.08,BR,1726372160
7,holualoa,19.6228,-155.9522,24.03,89,48,1.46,US,1726372161
8,iqaluit,63.7506,-68.5145,3.85,80,20,0.0,CA,1726372162
9,mamuju,-2.6748,118.8885,29.4,62,98,1.71,ID,1726372163
10,gasa,31.5,34.4667,26.74,66,35,3.51,PS,1726372164
11,san patricio,28.017,-97.5169,27.97,79,93,4.7,US,1726372166
12,port mathurin,-19.6833,63.4167,20.64,62,83,11.29,MU,1726372167
13,siuna,13.7332,-84.7773,23.9,97,86,0.4,NI,1726372168
14,urucara,-2.5364,-57.76,28.13,50,9,1.2,BR,1726372169
15,edinburgh of the seven seas,-37.0676,-12.3116,12.71,80,53,7.86,SH,1726372170
16,grytviken,-54.2811,-36.5092,-2.11,76,20,5.27,GS,1726372171
17,irthlingborough,52.3267,-0.6113,9.89,89,48,3.62,GB,1726372172
18,lai chau,22.3997,103.4517,26.03,70,48,1.19,VN,1726372173
19,adamstown,-25.066,-130.1015,19.71,70,59,6.62,PN,1726372175
20,arkhangel'sk,64.5401,40.5433,14.06,88,20,2.0,RU,1726372176
21,tolanaro,-25.0319,46.9987,20.04,83,0,5.14,MG,1726372177
22,hamilton,39.1834,-84.5333,24.3,62,0,3.6,US,1726372028
23,vorgashor,67.5833,63.95,14.45,83,22,6.3,RU,1726372179
24,portland,45.5234,-122.6762,17.01,89,100,2.06,US,1726372044
25,moissala,8.3404,17.7663,22.69,98,99,0.96,TD,1726372181
26,waitangi,-43.9535,-176.5597,11.01,98,100,2.68,NZ,1726372182
27,dryden,49.7833,-92.7503,20.16,77,0,3.6,CA,1726371902
28,margaret river,-33.95,115.0667,19.1,42,0,4.15,AU,1726372184
29,keflavik,64.0049,-22.5624,5.24,81,0,5.14,IS,1726372186
30,la'ie,21.6477,-157.9253,28.66,73,1,2.24,US,1726372187
31,bria,6.5423,21.9863,21.52,97,100,0.65,CF,1726372188
32,buseresere,-3.0236,31.8747,18.72,44,5,2.94,TZ,1726372189
33,blackmans bay,-43.0167,147.3167,12.07,57,71,0.89,AU,1726372190
34,invercargill,-46.4,168.35,6.12,95,100,4.47,NZ,1726372191
35,port shepstone,-30.7414,30.455,17.77,89,99,3.11,ZA,1726371959
36,bethel,41.3712,-73.414,19.53,92,0,0.0,US,1726372158
37,noumea,-22.2763,166.4572,21.16,71,65,5.72,NC,1726372195
38,ilha de mocambique,-15.0342,40.7358,25.21,78,3,4.37,MZ,1726372084
39,qaqortoq,60.7167,-46.0333,4.29,93,100,2.36,GL,1726372197
40,malango,-2.9627,119.9001,28.12,46,94,2.01,ID,1726372198
41,tura,25.5198,90.2201,23.68,96,100,2.32,IN,1726372199
42,lebu,-37.6167,-73.65,8.53,81,92,6.39,CL,1726372200
43,stanley,54.868,-1.6985,14.04,85,75,4.12,GB,1726372072
44,jamestown,42.097,-79.2353,19.8,90,0,1.54,US,1726371944
45,vallenar,-28.5708,-70.7581,14.16,64,0,0.94,CL,1726372205
46,petropavlovsk-kamchatsky,53.0452,158.6483,15.33,31,0,5.0,RU,1726371923
47,coahuayana de hidalgo,18.7,-103.6583,26.21,87,100,0.92,MX,1726372207
48,santana,-0.0583,-51.1817,27.1,89,20,3.6,BR,1726372208
49,anadyr,64.75,177.4833,8.28,81,100,5.0,RU,1726372209
50,bridgewater,44.3835,-64.5155,9.5,92,16,1.45,CA,1726372210
51,chibougamau,49.9168,-74.3659,12.79,94,0,1.03,CA,1726372211
52,la passe,45.5549,-0.8967,9.49,70,21,4.67,FR,1726372212
53,bredasdorp,-34.5322,20.0403,11.24,92,52,2.11,ZA,1726372213
54,yellowknife,62.456,-114.3525,12.29,86,75,3.09,CA,1726372215
55,colonia,50.9333,6.95,7.36,89,75,1.03,DE,1726372133
56,ulan bator,47.9077,106.8832,14.07,54,40,4.0,MN,1726372161
57,arraial do cabo,-22.9661,-42.0278,21.78,91,43,1.63,BR,1726372218
58,papatowai,-46.5619,169.4708,4.95,98,100,4.15,NZ,1726372219
59,peterhead,57.5058,-1.7981,12.5,85,21,4.53,GB,1726372220
60,hawaiian paradise park,19.5933,-154.9731,26.73,74,20,3.09,US,1726372064
61,olonkinbyen,70.9221,-8.7187,1.32,72,100,8.0,SJ,1726372224
62,bilibino,68.0546,166.4372,7.17,73,100,0.14,RU,1726372225
63,iskateley,67.6803,53.1512,17.06,75,87,4.18,RU,1726371947
64,crookston,47.7741,-96.6081,21.06,73,0,4.63,US,1726372227
65,bandarbeyla,9.4942,50.8122,25.95,65,80,12.54,SO,1726372228
66,adolfo lopez mateos,28.4667,-107.3,12.49,93,80,1.59,MX,1726372229
67,yuzhno-kurilsk,44.0306,145.8556,16.62,91,100,7.84,RU,1726372230
68,laguna,38.421,-121.4238,22.19,55,0,3.09,US,1726372231
69,hithadhoo,-0.6,73.0833,28.52,74,15,3.82,MV,1726372233
70,klyuchi,52.2667,79.1667,15.87,69,14,4.95,RU,1726372234
71,mount isa,-20.7333,139.5,30.87,25,0,4.12,AU,1726372235
72,sitka,57.0531,-135.33,13.94,72,20,0.0,US,1726372236
73,hermanus,-34.4187,19.2345,11.0,89,74,4.7,ZA,1726372082
74,gamba,-2.65,10.0,23.47,91,63,2.15,GA,1726372239
75,birjand,32.8663,59.2211,19.26,18,40,6.17,IR,1726372240
76,fort st. john,56.2499,-120.8529,11.94,82,100,4.63,CA,1726372241
77,kapuskasing,49.4169,-82.4331,19.05,77,75,1.54,CA,1726372142
78,piti village,13.4626,144.6933,30.03,85,75,4.12,GU,1726372244
79,floro,61.5996,5.0328,12.98,88,100,8.75,NO,1726372245
80,ribeira grande,38.5167,-28.7,20.43,85,7,1.79,PT,1726372246
81,ad dabbah,18.05,30.95,33.43,15,88,4.96,SD,1726372248
82,saynshand,44.8824,110.1163,15.7,48,73,4.97,MN,1726372249
83,langzhong,31.5504,105.9938,31.52,53,56,2.19,CN,1726372250
84,al hilaliyya,14.9398,33.234,27.05,73,14,3.24,SD,1726372251
85,bankeryd,57.85,14.1167,0.67,100,7,0.0,SE,1726372253
86,lihue,21.9789,-159.3672,27.77,68,0,7.72,US,1726372254
87,hasaki,35.7333,140.8333,28.62,72,11,10.84,JP,1726372255
88,mirnyy,62.5353,113.9611,3.79,60,94,4.73,RU,1726372256
89,nikolayevsk-on-amure,53.1406,140.73,16.47,48,23,4.19,RU,1726372257
90,inverell,-29.7833,151.1167,17.84,46,77,4.02,AU,1726372258
91,lensk,60.7253,114.9278,4.42,71,100,5.32,RU,1726372259
92,cabo san lucas,22.8909,-109.9124,25.42,92,33,4.02,MX,1726372260
93,mount pearl,47.5166,-52.7813,11.19,82,100,6.17,CA,1726372196
94,college,64.8569,-147.8028,14.48,69,75,2.57,US,1726372263
95,tiksi,71.6872,128.8694,2.16,81,100,5.75,RU,1726372232
96,longyearbyen,78.2186,15.6401,7.91,71,75,5.14,SJ,1726372265
97,dhidhdhoo,6.8833,73.1,28.05,77,33,4.7,MV,1726372266
98,panacan,9.2463,118.4082,27.08,80,100,3.61,PH,1726372267
99,olovyannaya,50.95,115.5667,19.52,42,99,9.4,RU,1726372268
100,afaahiti,-17.75,-149.2833,24.23,86,26,4.67,PF,1726372269
101,conduaga,8.862,117.4893,27.24,84,100,3.87,PH,1726372270
102,fort bragg,35.139,-79.006,23.23,85,75,5.66,US,1726372272
103,visegrad,43.7847,19.2992,10.3,91,100,1.38,BA,1726372273
104,villa gesell,-37.2639,-56.973,6.9,71,0,4.07,AR,1726372274
105,udachny,66.4167,112.4,2.32,73,89,7.26,RU,1726372275
106,happy valley-goose bay,53.3168,-60.3315,7.17,76,20,4.12,CA,1726372276
107,west island,-12.1568,96.8225,28.99,70,20,5.66,CC,1726372277
108,cookeville,36.1628,-85.5016,19.95,99,75,0.0,US,1726371947
109,balpyk bi,44.8947,78.2083,17.51,27,1,1.69,KZ,1726372281
110,sao felix do xingu,-6.6447,-51.995,28.62,35,85,0.34,BR,1726372283
111,taiynsha,53.8478,69.7639,14.96,77,100,4.65,KZ,1726372284
112,bohodukhiv,50.1647,35.5276,18.46,30,2,6.57,UA,1726372285
113,cidade velha,14.9167,-23.6167,26.26,78,20,4.12,CV,1726372286
114,talnakh,69.4865,88.3972,4.25,60,92,1.58,RU,1726372287
115,vadso,70.0744,29.7487,5.09,100,100,2.06,NO,1726372288
116,dehloran,32.6941,47.2679,32.89,19,0,1.16,IR,1726372290
117,kavieng,-2.5744,150.7967,28.54,72,90,1.66,PG,1726372291
118,ribas do rio pardo,-20.4431,-53.7592,22.26,63,6,2.56,BR,1726372292
119,howard springs,-12.497,131.047,30.95,61,50,0.54,AU,1726372293
120,tromso,69.6496,18.957,9.01,76,100,2.06,NO,1726372007
121,mermoz boabab,14.7065,-17.4758,26.88,89,40,2.06,SN,1726372295
122,isafjordur,66.0755,-23.124,2.83,78,93,5.26,IS,1726372296
123,poli,-3.3333,36.8,12.94,79,4,0.66,TZ,1726372297
124,khorinsk,52.1657,109.7726,10.5,81,100,0.84,RU,1726372298
125,hinton,53.4001,-117.5857,9.22,95,90,1.64,CA,1726372082
126,arvika,59.6553,12.5852,6.53,69,100,0.67,SE,1726372301
127,ust-tsilma,65.441,52.1498,16.35,89,100,1.78,RU,1726372302
128,necochea,-38.5473,-58.7368,5.25,65,5,5.7,AR,1726372303
129,polyarnyy,69.1989,33.4478,9.83,83,100,0.93,RU,1726372304
130,smithers,54.7804,-127.1743,12.18,66,40,3.09,CA,1726372208
131,port blair,11.6667,92.75,30.02,79,40,5.66,IN,1726372306
132,punta arenas,-53.15,-70.9167,5.06,70,40,10.29,CL,1726372018
133,montevideo,-34.8335,-56.1674,8.84,87,0,1.54,UY,1726372270
134,anjozorobe,-18.4,47.8667,12.55,81,64,4.01,MG,1726372310
135,humaita,-7.5061,-63.0208,30.31,25,56,0.67,BR,1726372311
136,nar'yan-mar,67.6713,53.087,17.09,75,91,4.19,RU,1726372312
137,san pedro de macoris,18.4616,-69.2972,27.11,89,8,3.66,DO,1726372313
138,daru,-9.0763,143.2092,25.49,89,91,8.42,PG,1726372314
139,san carlos,9.6612,-68.5827,23.75,89,13,1.17,VE,1726372315
140,puerto ayora,-0.7393,-90.3518,20.31,97,67,1.34,EC,1726372316
141,ushuaia,-54.8,-68.3,3.81,87,75,7.72,AR,1726372133
142,acarau,-2.8856,-40.12,24.75,84,14,7.16,BR,1726372318
143,kyren,51.6828,102.1408,8.68,91,100,1.05,RU,1726372320
144,badger,64.8,-147.5333,15.14,69,100,2.57,US,1726372321
145,colombo,6.9319,79.8478,28.97,78,72,6.89,LK,1726372024
146,juan griego,11.0817,-63.9655,29.07,84,92,4.63,VE,1726372323
147,tsiombe,-25.3,45.4833,22.64,64,0,2.97,MG,1726372324
148,ancud,-41.8697,-73.8203,7.53,90,83,2.32,CL,1726372325
149,obudu,6.6674,9.1716,22.6,98,100,1.54,NG,1726372326
150,kuvandyk,51.4781,57.3552,16.03,66,57,4.56,RU,1726372327
151,mirny,62.5353,113.9611,3.79,60,94,4.73,RU,1726372328
152,pacasmayo,-7.4006,-79.5714,15.78,93,11,3.63,PE,1726372330
153,salinopolis,-0.6136,-47.3561,26.34,80,22,5.83,BR,1726372331
154,pisco,-13.7,-76.2167,16.03,88,36,2.06,PE,1726372332
155,sastobe,42.55,70.0,21.67,20,85,3.69,KZ,1726372333
156,abasha,42.2096,42.2211,22.12,33,0,10.13,GE,1726372334
157,ommen,52.5333,6.5,6.08,39,90,2.36,NL,1726372335
158,nowshahr,36.649,51.496,21.97,64,75,3.09,IR,1726372336
159,cabanas,22.9758,-82.9219,27.4,82,18,1.87,CU,1726372337
160,mancio lima,-7.6142,-72.8958,27.04,89,84,0.0,BR,1726372338
161,logansport,40.7545,-86.3567,22.23,68,0,3.09,US,1726372232
162,serhetabat,35.2799,62.3438,21.37,24,2,1.7,TM,1726372341
163,puerto natales,-51.7236,-72.4875,2.91,93,62,7.35,CL,1726372342
164,machico,32.7,-16.7667,21.51,72,20,5.66,PT,1726372343
165,benjamin aceval,-24.9667,-57.5667,19.0,74,82,3.01,PY,1726372344
166,huaral,-11.495,-77.2078,16.93,83,49,1.91,PE,1726372345
167,rio gallegos,-51.6226,-69.2181,5.03,60,0,8.75,AR,1726372346
168,thompson,55.7435,-97.8558,14.09,94,75,3.6,CA,1726372347
169,shingu,33.7333,135.9833,28.21,85,100,2.74,JP,1726372348
170,manali,13.1667,80.2667,32.84,63,100,1.34,IN,1726372350
171,viechtach,49.0792,12.8847,7.23,85,93,3.58,DE,1726372351
172,tazovsky,67.4667,78.7,3.32,58,31,1.68,RU,1726372352
173,dohad,22.8333,74.2667,25.52,79,6,5.51,IN,1726372353
174,wailua homesteads,22.0669,-159.378,27.44,72,0,7.72,US,1726372354
175,lorengau,-2.0226,147.2712,28.96,74,57,2.64,PG,1726372355
176,mankono,8.0586,-6.1897,21.41,98,98,2.16,CI,1726372356
177,el nido,11.1858,119.3956,26.19,93,100,9.12,PH,1726372360
178,namtsy,62.7161,129.6658,8.35,42,6,3.36,RU,1726372361
179,aur,8.1499,171.1687,27.99,79,89,5.77,MH,1726372362
180,callao,-12.0667,-77.15,17.62,82,100,3.09,PE,1726372363
181,ola,59.5833,151.2833,8.37,75,96,1.85,RU,1726372364
182,barentu,15.1139,37.5928,21.36,66,52,2.07,ER,1726372365
183,warrnambool,-38.3833,142.4833,11.62,56,54,5.9,AU,1726372262
184,port lincoln,-34.7333,135.8667,12.76,51,1,7.65,AU,1726372367
185,dazhou,31.2159,107.5009,33.76,44,0,4.82,CN,1726372369
186,nanao,37.05,136.9667,25.39,90,100,3.44,JP,1726372370
187,khandyga,62.6667,135.6,7.22,54,100,1.36,RU,1726372371
188,yatou,37.15,122.3833,23.95,69,13,5.03,CN,1726372372
189,nova sintra,14.8667,-24.7167,25.99,75,51,5.62,CV,1726372373
190,igarka,67.4667,86.5833,5.02,56,54,3.36,RU,1726372361
191,tobelo,1.7284,128.0095,30.43,66,99,2.99,ID,1726372375
192,avarua,-21.2078,-159.775,24.03,73,100,4.12,CK,1726372376
193,san antonio de pale,-1.4014,5.6325,23.97,85,100,5.25,GQ,1726372378
194,port elizabeth,-33.918,25.5701,16.84,96,23,0.45,ZA,1726372379
195,lib,8.3122,167.3766,28.24,78,95,6.96,MH,1726372380
196,caconda,-13.7333,15.0667,17.24,66,10,0.33,AO,1726372381
197,malanje,-9.5402,16.341,20.81,78,70,2.16,AO,1726372382
198,alofi,-19.0595,-169.9187,26.94,69,20,3.6,NU,1726372383
199,east london,-33.0153,27.9116,17.52,88,100,1.54,ZA,1726372384
200,peace river,56.2501,-117.286,13.17,87,100,1.54,CA,1726372385
201,beltran,-27.8291,-64.061,15.11,36,100,2.34,AR,1726372386
202,shakhun'ya,57.6758,46.6114,14.83,63,54,1.07,RU,1726372388
203,tulun,54.5611,100.5792,7.19,66,95,6.54,RU,1726372389
204,manadhoo,5.7667,73.3833,28.04,76,27,3.89,MV,1726372390
205,port isabel,26.0734,-97.2086,29.45,91,20,5.66,US,1726372391
206,usogorsk,63.4106,48.6872,16.7,79,100,1.29,RU,1726372392
207,wuzhen,30.7454,120.4851,31.67,64,82,4.7,CN,1726372393
208,santa cruz,-17.8,-63.1667,20.7,60,75,4.12,BO,1726372152
209,turkestan,43.3333,68.25,21.35,23,34,7.02,KZ,1726372395
210,flying fish cove,-10.4217,105.6791,26.82,83,100,5.66,CX,1726372396
211,borogontsy,62.6683,131.1683,8.17,44,6,3.26,RU,1726372398
212,atafu village,-8.5421,-172.5159,28.55,75,67,5.91,TK,1726372399
213,bel ombre,-4.6167,55.4167,24.91,88,20,7.2,SC,1726372400
214,khorixas,-20.3667,14.9667,16.81,27,8,1.38,NA,1726372401
215,weno,7.4515,151.8468,25.97,89,100,2.06,FM,1726372402
216,ceeldheer,3.8488,47.1806,24.56,81,15,9.24,SO,1726372403
217,georgetown,5.4112,100.3354,30.96,73,20,1.54,MY,1726372404
218,fale old settlement,-9.3852,-171.2468,28.45,76,100,6.31,TK,1726372405
219,lazaro cardenas,17.9583,-102.2,27.52,82,100,1.47,MX,1726372406
220,labrador city,52.9463,-66.9114,8.99,68,100,4.92,CA,1726372408
221,trail,49.0998,-117.7022,12.6,96,53,2.3,CA,1726372409
222,yulinshi,38.2906,109.7494,22.4,67,94,9.18,CN,1726372410
223,hiratacho,35.4333,132.8167,31.98,66,75,2.57,JP,1726372411
224,tamanrasset,22.785,5.5228,22.95,60,20,1.03,DZ,1726372412
225,mucuri,-18.0864,-39.5508,22.11,85,0,3.9,BR,1726372383
226,dudinka,69.4058,86.1778,4.36,57,77,3.88,RU,1726372415
227,beidao,34.5686,105.8933,23.39,72,91,2.72,CN,1726372416
228,haiku-pauwela,20.9219,-156.3051,26.79,73,2,7.6,US,1726372418
229,dalnegorsk,44.5604,135.5701,18.27,36,0,3.27,RU,1726372419
230,dalandzadgad,43.5708,104.425,18.69,32,66,2.26,MN,1726372420
231,tadine,-21.55,167.8833,23.14,67,2,6.71,NC,1726372421
232,saipan,15.1355,145.701,31.39,74,75,7.2,MP,1726372422
233,cambria,35.5641,-121.0808,13.92,89,38,1.15,US,1726372423
234,guerrero negro,27.9769,-114.0611,19.62,78,0,5.84,MX,1726372424
235,mendoza,-32.8908,-68.8272,15.74,20,0,1.54,AR,1726372015
236,albany,42.6001,-73.9662,18.52,70,3,1.1,US,1726372426
237,kerikeri,-35.2268,173.9474,17.73,59,1,3.58,NZ,1726372428
238,lata,40.1629,-8.3327,13.62,42,11,1.94,PT,1726372429
239,green,40.9459,-81.4832,21.21,71,0,3.38,US,1726372430
240,la tuque,47.4334,-72.7824,14.14,94,17,0.0,CA,1726372279
241,male,4.1748,73.5089,29.97,74,75,3.09,MV,1726372432
242,zhongshu,24.5167,103.7667,24.14,70,30,1.36,CN,1726372433
243,broome,42.2506,-75.833,18.6,92,21,1.12,US,1726372434
244,perryton,36.4,-100.8027,22.89,47,3,5.5,US,1726372435
245,vorkuta,67.5,64.0,14.63,82,21,6.13,RU,1726372436
246,ta`u,-14.2336,-169.5144,26.59,83,37,6.64,AS,1726372438
247,new norfolk,-42.7826,147.0587,12.73,57,86,4.34,AU,1726372439
248,upington,-28.4478,21.2561,7.21,65,0,1.03,ZA,1726372440
249,terme,41.2092,36.9739,20.67,79,94,1.72,TR,1726372441
250,kasongo-lunda,-6.4667,16.8167,22.96,81,46,0.96,CD,1726372442
251,kristiansund,63.1115,7.732,14.36,58,75,4.63,NO,1726372443
252,vila velha,-20.3297,-40.2925,23.97,86,40,3.09,BR,1726372444
253,nadym,65.5333,72.5167,6.81,50,9,2.5,RU,1726372445
254,saint-pierre,-21.3393,55.4781,19.82,49,20,2.57,RE,1726372446
255,sabang,5.8933,95.3214,28.01,79,100,10.16,ID,1726372448
256,saldanha,-33.0117,17.9442,13.03,88,0,2.59,ZA,1726372449
257,edgewood,39.4187,-76.2944,19.98,85,0,0.89,US,1726372450
258,campina verde,-19.5356,-49.4864,25.26,30,13,1.79,BR,1726372451
259,bovril,-31.3431,-59.4451,8.28,59,0,3.88,AR,1726372452
260,benguela,-12.5763,13.4055,20.63,92,33,1.01,AO,1726372454
261,aasiaat,68.7098,-52.8699,-1.17,85,15,2.75,GL,1726372455
262,port augusta,-32.5,137.7667,18.78,17,0,7.1,AU,1726372457
263,lepsy,46.235,78.9456,15.67,35,0,2.83,KZ,1726372458
264,minas de matahambre,22.5887,-83.9447,25.97,89,33,1.62,CU,1726372459
265,kyabe,9.4515,18.9449,23.0,94,100,1.57,TD,1726372460
266,kailua-kona,19.6406,-155.9956,26.1,89,48,0.89,US,1726372461
267,saint-philippe,-21.3585,55.7679,19.08,73,55,6.31,RE,1726372462
268,dengzhou,37.8086,120.7508,20.91,66,6,4.97,CN,1726372463
269,nagqu,31.5,92.0,12.75,49,13,3.29,CN,1726372464
270,vernon,50.2581,-119.2691,14.74,73,93,1.03,CA,1726372465
271,panjab,34.388,67.0233,10.55,16,0,1.77,AF,1726372467
272,ouesso,1.6136,16.0517,21.19,98,100,0.79,CG,1726372468
273,shimoda,34.6667,138.95,29.57,68,64,4.68,JP,1726372469
274,sandnessjoen,66.0217,12.6316,10.69,66,93,9.64,NO,1726372470
275,ust-nera,64.5667,143.2,6.35,72,89,3.23,RU,1726372471
276,dedovichi,57.5517,29.9502,12.07,71,11,2.67,RU,1726372472
277,ringkobing,56.0901,8.244,9.99,87,100,2.06,DK,1726372473
278,guarapari,-20.6667,-40.4975,20.4,88,2,5.7,BR,1726372474
279,port alfred,-33.5906,26.891,15.66,93,92,1.03,ZA,1726372475
280,oranjemund,-28.55,16.4333,13.73,76,87,5.51,NA,1726372477
281,shenjiamen,29.9576,122.298,27.97,89,100,9.33,CN,1726372478
282,luderitz,-26.6481,15.1594,10.82,75,0,6.37,NA,1726372479
283,attapeu,14.8,106.8333,25.79,96,100,1.14,LA,1726372480
284,utrik,11.2278,169.8474,28.46,80,100,8.13,MH,1726372481
285,terrace,54.5163,-128.6035,13.95,88,75,3.09,CA,1726372482
286,ceerigaabo,10.6162,47.368,18.99,57,82,7.8,SO,1726372485
287,yeppoon,-23.1333,150.7333,22.05,54,0,5.22,AU,1726372486
288,alaghsas,17.0187,8.0168,31.95,40,12,1.42,NE,1726372487
289,swift current,50.2834,-107.8014,13.45,54,0,3.6,CA,1726372488
290,sefrou,33.8319,-4.828,19.53,64,0,2.06,MA,1726372489
291,kruisfontein,-34.0033,24.7314,11.83,94,2,2.95,ZA,1726372490
292,xinpu,34.5997,119.1594,22.71,74,96,6.07,CN,1726372491
293,nuuk,64.1835,-51.7216,3.34,100,100,2.57,GL,1726372492
294,lekki,6.3607,4.8333,23.47,96,100,0.9,NG,1726372493
295,bonthe,7.5264,-12.505,24.63,90,90,1.9,SL,1726372496
296,saint-francois,46.4154,3.9054,2.69,100,0,1.03,FR,1726372497
297,riachao,-7.3619,-46.6172,25.51,29,40,2.56,BR,1726372498
298,belmonte,-15.8631,-38.8828,22.27,89,22,2.51,BR,1726372499
299,essaouira,31.5125,-9.77,18.72,100,0,4.12,MA,1726372500
300,sogndal,61.2283,7.1003,10.21,87,100,2.57,NO,1726372501
301,hammerfest,70.6634,23.6821,6.25,100,62,2.06,NO,1726372502
302,catabola,-12.15,17.2833,18.84,48,60,0.22,AO,1726372504
303,magadan,59.5667,150.8,8.34,72,74,2.46,RU,1726372505
304,inirida,3.8653,-67.9239,24.0,88,33,0.7,CO,1726372506
305,adrar,20.5022,-10.0711,29.54,51,100,3.53,MR,1726372507
306,lompoc,34.6391,-120.4579,15.29,88,100,3.6,US,1726372354
307,ilulissat,69.2167,-51.1,-0.99,100,100,0.0,GL,1726372509
308,gadzhiyevo,69.2551,33.3362,9.79,83,100,1.11,RU,1726372510
309,el calafate,-50.3408,-72.2768,2.68,83,17,4.57,AR,1726372339
310,uturoa,-16.7333,-151.4333,26.64,76,0,3.65,PF,1726372513
311,uzgen,40.7699,73.3007,22.68,19,0,1.02,KG,1726372514
312,mount gambier,-37.8333,140.7667,12.24,52,7,4.58,AU,1726372515
313,sisimiut,66.9395,-53.6735,2.72,89,52,3.0,GL,1726372518
314,arno,60.1167,18.6333,10.02,78,1,4.07,SE,1726372519
315,rongelap,11.1635,166.8941,28.66,81,18,7.51,MH,1726372521
316,veraval,20.9,70.3667,27.47,74,94,4.78,IN,1726372522
317,glace bay,46.1969,-59.957,13.88,79,75,8.23,CA,1726372475
318,vilyuchinsk,52.9306,158.4028,16.15,51,82,5.63,RU,1726372524
319,acapulco de juarez,16.8634,-99.8901,25.49,84,100,1.19,MX,1726372525
320,taoudenni,22.6783,-3.9836,32.07,46,45,1.97,ML,1726372526
321,miyaly,48.8844,53.7836,19.45,43,42,5.59,KZ,1726372527
322,kodiak,57.79,-152.4072,15.73,82,100,1.54,US,1726372528
323,as salamiyah,35.0113,37.0532,21.62,78,9,6.33,SY,1726372529
324,kapa'a,22.0752,-159.319,28.18,69,0,7.72,US,1726372531
325,road town,18.4167,-64.6167,28.73,74,28,6.55,VG,1726372532
326,beihai,21.4833,109.1,29.59,70,100,0.78,CN,1726372533
327,cambridge,43.3601,-80.3127,18.39,94,0,0.0,CA,1726372401
328,mirpur sakro,24.5474,67.6277,28.08,63,84,8.09,PK,1726372535
329,mundri,-6.9558,111.71,33.35,35,31,1.91,ID,1726372536
330,jiuquan,39.7432,98.5174,19.04,50,12,2.28,CN,1726372525
331,qashar,53.3906,62.9297,14.64,69,0,3.95,KZ,1726372538
332,tharad,24.3961,71.6267,28.47,60,70,5.57,IN,1726372541
333,emerald,-23.5333,148.1667,27.41,29,0,4.46,AU,1726372533
334,sarangani,5.4033,125.4636,28.66,72,85,7.38,PH,1726372544
335,san francisco de la paz,14.9,-86.2,23.03,88,79,0.85,HN,1726372545
336,geraldton,-28.7667,114.6,26.23,24,0,10.29,AU,1726372546
337,crane,31.3974,-102.3501,27.14,44,100,4.36,US,1726372548
338,amursk,50.2261,136.8994,16.33,50,100,3.44,RU,1726372549
339,oswego,43.4501,-76.1497,18.14,99,0,1.89,US,1726372550
340,jamjamal,35.5365,44.8317,26.95,25,2,1.56,IQ,1726372551
341,fonte boa,-2.4959,-66.2662,26.56,65,32,1.14,BR,1726372552
342,hafar al-batin,28.4328,45.9708,26.32,19,0,2.06,SA,1726372553
343,villa angela,-27.5738,-60.7153,12.7,60,46,2.64,AR,1726372554
344,hotan,37.0997,79.9269,24.6,17,27,3.03,CN,1726372555
345,tazacorte,28.629,-17.9293,21.54,73,100,5.14,ES,1726372556
346,burutu,5.3509,5.5076,24.08,93,99,1.7,NG,1726372558
347,steinbach,50.1667,8.5667,8.73,88,0,2.57,DE,1726372559
348,punto fijo,11.6956,-70.1996,29.17,78,76,9.96,VE,1726372560
349,gardelegen,52.5252,11.3952,7.3,92,1,3.28,DE,1726372561
350,moravske budejovice,49.0521,15.8086,9.06,88,100,14.7,CZ,1726372562
351,kokstad,-30.5472,29.4241,12.09,91,89,1.12,ZA,1726372563
352,suhbaatar,50.2314,106.2078,19.84,31,85,6.8,MN,1726372564
353,los alamos,35.8881,-106.307,21.88,20,0,4.12,US,1726372565
354,fomboni,-12.28,43.7425,25.65,71,0,2.16,KM,1726372567
355,kukawa,12.9234,13.5606,26.33,72,25,3.35,NG,1726372568
356,el hadjira,32.6134,5.5126,25.09,57,0,5.84,DZ,1726372569
357,ankazoabo,-22.2833,44.5167,21.56,59,11,0.58,MG,1726372570
358,horta,38.5333,-28.6333,19.45,86,10,1.79,PT,1726372571
359,vanimo,-2.6741,141.3028,30.01,65,93,2.29,PG,1726372572
360,zilair,52.2332,57.4392,13.99,78,74,3.65,RU,1726372573
361,howrah,22.5892,88.3103,26.0,100,100,4.12,IN,1726372542
362,tibiri,13.5627,7.0485,27.39,55,97,2.91,NE,1726372575
363,chonchi,-42.6128,-73.8092,5.07,97,82,1.4,CL,1726372577
364,xintai,35.9006,117.7519,24.63,58,9,2.63,CN,1726372578
365,kirensk,57.7853,108.1119,13.66,52,100,2.69,RU,1726372579
366,jinghong,21.991,100.7341,29.55,64,13,1.22,CN,1726372580
367,masterton,-40.9597,175.6575,13.03,82,69,1.62,NZ,1726372581
368,labytnangi,66.6572,66.4183,12.12,69,100,3.35,RU,1726372582
369,yarmouth,41.7057,-70.2286,17.77,92,0,0.89,US,1726372584
370,miramichi,47.0043,-65.4654,9.08,79,78,1.92,CA,1726372586
371,zunyi,27.6867,106.9072,27.82,58,53,4.52,CN,1726372587
372,bikenibeu village,1.3673,173.1241,30.98,70,40,3.6,KI,1726372589
373,boende,-0.2167,20.8667,21.17,97,88,0.67,CD,1726372590
374,yeraliyev,43.2,51.65,19.47,38,5,4.99,KZ,1726372591
375,bermejo,-32.8833,-68.8,15.95,20,0,1.54,AR,1726372592
376,doka,13.5167,35.7667,21.56,94,56,2.55,SD,1726372595
377,skowhegan,44.7651,-69.7192,14.28,96,1,0.54,US,1726372596
378,ulladulla,-35.35,150.4667,14.03,49,24,10.62,AU,1726372597
379,sastre,-31.7676,-61.8289,9.65,52,0,3.86,AR,1726372553
380,yeed,4.55,43.0333,23.14,63,12,8.19,SO,1726372599
381,kulhudhuffushi,6.6221,73.07,28.05,76,19,4.55,MV,1726372600
382,kolobrzeg,54.1757,15.5834,15.15,64,2,10.06,PL,1726372601
383,mcpherson,38.3708,-97.6642,21.61,78,10,4.67,US,1726372603
384,mar del plata,-38.0023,-57.5575,8.3,87,0,2.24,AR,1726372492
385,ghadamis,30.1337,9.5007,28.16,46,49,2.25,LY,1726372605
386,villamontes,-21.25,-63.5,16.88,54,100,1.73,BO,1726372606
387,ilebo,-4.3167,20.5833,22.07,82,8,0.8,CD,1726372607
388,silvia,2.611,-76.3785,9.97,77,13,3.06,CO,1726372609
389,zabol,32.25,67.25,21.12,12,0,1.15,AF,1726372610
390,amga,60.8953,131.9608,8.24,43,12,2.59,RU,1726372612
391,yekaterinoslavka,50.3734,129.1139,21.64,28,4,3.62,RU,1726372613
392,caala,-12.8525,15.5606,16.71,60,32,0.95,AO,1726372614
393,mangrol,21.1167,70.1167,27.4,73,100,4.67,IN,1726372615
394,del rio,29.3627,-100.8968,28.22,65,75,5.14,US,1726372616
395,hope mills,34.9704,-78.9453,23.54,85,75,5.14,US,1726372617
396,presidente epitacio,-21.7633,-52.1156,23.83,60,85,4.64,BR,1726372618
397,rey bouba,8.6724,14.1786,22.13,98,100,0.86,CM,1726372619
398,sarov,54.9358,43.3235,13.67,55,8,1.99,RU,1726372620
399,siret,47.95,26.0667,12.46,94,5,1.36,RO,1726372622
400,forster,-32.1667,152.5167,14.65,72,53,10.35,AU,1726372623
401,xichang,27.8964,102.2634,25.93,66,8,0.98,CN,1726372624
402,arys,42.4252,68.795,20.32,24,94,2.64,KZ,1726372625
403,muli,2.9167,73.5667,28.77,73,63,3.95,MV,1726372626
404,santiago de cao,-7.9589,-79.2392,16.07,94,100,3.6,PE,1726372627
405,kiunga,-6.1219,141.2906,28.61,73,90,1.27,PG,1726372628
406,taunggyi,20.7833,97.0333,25.98,63,49,1.32,MM,1726372629
407,key west,24.5557,-81.7826,32.78,73,0,3.09,US,1726372631
408,egilsstadir,65.2653,-14.3948,4.95,87,100,8.75,IS,1726372632
409,zabaykal'sk,49.6333,117.3167,20.68,34,94,7.37,RU,1726372633
410,zeya,53.75,127.2667,17.68,37,22,1.83,RU,1726372634
411,port saint john's,-31.6229,29.5448,17.98,84,94,5.45,ZA,1726372635
412,kudahuvadhoo,2.6708,72.8944,28.97,71,85,3.74,MV,1726372636
413,fallon,39.4735,-118.7774,22.93,29,0,1.54,US,1726372425
414,ende,-8.8432,121.6623,30.13,47,65,4.07,ID,1726372638
415,ciudad melchor muzquiz,27.8833,-101.5167,24.79,86,100,1.34,MX,1726372639
416,cassilandia,-19.1133,-51.7342,24.49,44,5,1.2,BR,1726372641
417,wanning,18.8003,110.3967,29.78,71,39,3.49,CN,1726372423
418,adra,36.7496,-3.0206,21.31,69,0,2.64,ES,1726372644
419,palmer,42.1584,-72.3287,20.29,70,88,1.86,US,1726372548
420,opuwo,-18.0607,13.84,18.64,31,47,1.47,NA,1726372646
421,sao tome,0.3365,6.7273,24.77,87,90,2.74,ST,1726372647
422,oldenburg in holstein,54.3,10.8833,8.36,88,4,4.16,DE,1726372650
423,shahrud,36.4182,54.9763,17.73,52,12,4.63,IR,1726372651
424,constantia,44.1833,28.65,13.38,57,59,6.28,RO,1726372445
425,ocean city,39.2776,-74.5746,21.1,88,100,1.34,US,1726372457
426,babayurt,43.6002,46.7789,19.28,64,0,3.8,RU,1726372654
427,port arthur,38.8,121.2667,22.12,49,9,5.38,CN,1726372655
428,jayapura,-2.5333,140.7,32.66,80,97,0.52,ID,1726372656
429,pemba,-12.974,40.5178,23.39,94,20,2.57,MZ,1726372658
430,sunchales,-30.944,-61.5615,12.25,52,0,3.62,AR,1726372659
431,estreito,-5.7833,-43.25,23.3,44,42,1.22,BR,1726372660
432,tual,-5.6667,132.75,26.47,85,45,6.11,ID,1726372661
433,port macquarie,-31.4333,152.9167,15.6,53,43,2.68,AU,1726372662
434,beira,-19.8436,34.8389,22.05,94,2,3.09,MZ,1726372663
435,boyalik,41.2634,28.6314,20.97,81,99,6.78,TR,1726372664
436,ishinomaki,38.4167,141.3,27.53,81,80,3.01,JP,1726372665
437,the pas,53.8251,-101.2541,13.01,88,40,2.57,CA,1726372666
438,sao vicente,-23.9631,-46.3919,21.66,26,60,2.07,BR,1726372668
439,amurzet,47.6967,131.0981,20.97,36,3,4.23,RU,1726372669
440,monroe,43.1501,-77.6831,19.45,94,0,1.96,US,1726372670
441,prince albert,53.2001,-105.7677,11.97,87,20,0.0,CA,1726372654
442,mildura,-34.2,142.15,17.26,31,0,7.04,AU,1726372672
443,finsterwalde,51.6333,13.7167,8.2,90,78,5.36,DE,1726372673
444,buon ma thuot,12.6667,108.05,22.66,97,100,1.22,VN,1726372674
445,pandan,14.0453,124.1694,29.42,75,98,6.61,PH,1726372675
446,karratha,-20.7377,116.8463,32.21,19,88,9.04,AU,1726372677
447,walvis bay,-22.9575,14.5053,10.64,92,2,5.51,NA,1726372678
448,la grande,45.3246,-118.0877,17.05,60,38,1.95,US,1726372679
449,poronaysk,49.2167,143.1167,17.44,56,17,1.75,RU,1726372680
450,saint croix,17.7397,-64.7388,28.25,88,20,3.6,VI,1726372681
451,narrabri,-30.3167,149.7833,17.51,44,7,2.68,AU,1726372682
452,palmeira das missoes,-27.8994,-53.3136,11.58,98,11,4.37,BR,1726372683
453,winnemucca,40.973,-117.7357,19.03,20,0,4.63,US,1726372534
454,vuktyl,63.8567,57.3094,15.95,86,87,1.56,RU,1726372686
455,saint-joseph,-21.3667,55.6167,19.21,67,38,5.7,RE,1726372687
456,balykshi,47.0667,51.8667,16.0,55,0,5.0,KZ,1726372688
457,banda aceh,5.5577,95.3222,29.97,63,100,7.62,ID,1726372493
458,naracoorte,-36.9579,140.7383,15.03,45,1,4.14,AU,1726372690
459,pont rouge,48.8833,-72.0825,12.78,67,48,1.9,CA,1726372691
460,progreso,21.2833,-89.6667,29.42,84,30,4.87,MX,1726372692
461,cromwell,41.5951,-72.6454,19.95,87,0,0.0,US,1726372693
462,morehead city,34.7229,-76.726,23.35,93,100,4.92,US,1726372694
463,beroroha,-21.6667,45.1667,21.91,66,5,1.36,MG,1726372696
464,st. john's,47.5649,-52.7093,11.65,78,100,8.49,CA,1726372427
465,island harbour,50.724,-1.2758,13.9,61,32,2.68,GB,1726372698
466,borzya,50.3833,116.5167,19.53,42,100,7.78,RU,1726372699
467,belfast,54.5833,-5.9333,13.9,95,100,2.06,GB,1726372695
468,margate,51.3813,1.3862,9.27,87,6,4.19,GB,1726372701
469,lima,-12.0432,-77.0282,16.61,83,100,3.09,PE,1726372458
470,bisalpur,28.3,79.8,28.2,76,9,3.47,IN,1726372703
471,antsiranana,-12.2787,49.2917,23.42,73,75,7.2,MG,1726372705
472,baley,51.6,116.6333,17.96,40,100,4.62,RU,1726372706
473,puerto baquerizo moreno,-0.9,-89.6,21.14,88,74,4.52,EC,1726372707
474,seka,17.9285,103.9552,28.58,77,100,1.9,TH,1726372708
475,dawson creek,55.7666,-120.2362,13.8,62,0,3.09,CA,1726372455
476,shelton,41.3165,-73.0932,20.01,89,0,0.0,US,1726372543
477,songkhla,6.8333,100.6667,27.35,76,100,3.29,TH,1726372561
478,kaduna,10.5222,7.4383,20.89,96,29,1.67,NG,1726372712
479,brasileia,-11.0161,-68.7481,29.82,40,79,0.5,BR,1726372713
480,wad az zaki,14.4619,32.2065,28.07,69,3,3.56,SD,1726372715
481,alakurtti,66.9672,30.3491,8.35,94,100,1.48,RU,1726372716
482,kidal,18.4411,1.4078,27.08,61,87,2.18,ML,1726372717
483,namibe,-15.1961,12.1522,17.78,87,15,2.5,AO,1726372718
484,sinabang,2.4803,96.3801,30.02,63,54,0.78,ID,1726372719
485,micheweni,-4.9667,39.8333,24.22,75,20,4.5,TZ,1726372721
486,guane,22.2025,-84.0875,26.88,87,100,1.74,CU,1726372722
487,quchan,37.106,58.5095,16.31,41,100,3.85,IR,1726372724
488,ak-dovurak,51.1833,90.6,11.98,34,44,1.39,RU,1726372725
489,prado,-17.3411,-39.2208,23.48,77,0,4.58,BR,1726372726
490,ginir,7.1333,40.7,16.28,63,78,4.15,ET,1726372727
491,azacualpa,15.3433,-88.5514,22.92,100,100,0.34,HN,1726372728
492,arvayheer,46.2639,102.775,15.12,36,72,8.13,MN,1726372729
493,lagunas,-5.2269,-75.6753,28.12,44,51,1.29,PE,1726372730
494,nandgaon,20.3167,74.65,25.72,70,82,5.27,IN,1726372731
495,kolonia,50.9333,6.95,7.36,89,75,1.03,DE,1726372733
496,illizi,26.4833,8.4667,29.38,44,80,2.12,DZ,1726372734
497,kalmunai,7.4167,81.8167,32.01,54,30,1.04,LK,1726372735
498,kupang,-10.1667,123.5833,37.32,15,20,6.69,ID,1726372736
499,juneau,58.3019,-134.4197,10.61,97,75,2.06,US,1726372343
500,cidreira,-30.1811,-50.2056,12.75,88,21,2.15,BR,1726372738
501,baijiantan,45.6333,85.1833,17.92,35,0,2.79,CN,1726372740
502,koryazhma,61.3143,47.1691,17.17,85,100,0.88,RU,1726372742
503,las tablas,7.7667,-80.2833,27.32,99,67,1.41,PA,1726372743
504,prince rupert,54.3161,-130.3201,12.05,94,0,3.6,CA,1726372744
505,zyryanovsk,49.7386,84.2719,10.56,48,1,0.47,KZ,1726372745
506,antalaha,-14.9003,50.2788,21.81,89,96,5.54,MG,1726372746
507,ubari,26.5921,12.7805,28.32,52,30,3.27,LY,1726372747
508,tatebayashi,36.25,139.5333,35.4,44,85,0.96,JP,1726372749
509,aleg,17.0481,-13.9209,29.62,57,75,5.16,MR,1726372751
510,crolles,45.282,5.8782,9.48,100,84,2.5,FR,1726372752
511,kovalam,8.3667,76.9967,30.05,70,40,4.12,IN,1726372753
512,cupar,56.3188,-3.012,12.58,85,73,3.28,GB,1726372754
513,iwaki,37.05,140.8833,31.27,66,45,4.61,JP,1726372755
514,gomez farias,23.05,-99.15,22.74,95,93,0.35,MX,1726372756
515,colares,38.7992,-9.4469,21.88,59,68,4.97,PT,1726372757
516,atamyrat,37.8357,65.2106,23.27,22,0,3.01,TM,1726372758
517,terenozek,45.05,64.9833,19.4,32,63,10.91,KZ,1726372760
518,pangai,-19.8,-174.35,26.06,73,40,2.06,TO,1726372761
519,port de pollenca,39.9075,3.0814,19.6,56,0,3.69,ES,1726372762
520,sydney mines,46.2367,-60.2177,13.99,82,75,8.23,CA,1726372763
521,tomatlan,19.9333,-105.25,25.28,95,63,0.68,MX,1726372764
522,viedma,-40.8135,-62.9967,7.22,61,78,3.99,AR,1726372554
523,revda,56.801,59.9303,13.7,84,3,1.3,RU,1726372766
524,midland,31.9974,-102.0779,26.03,60,0,3.6,US,1726372564
525,shalqar,47.8333,59.6,18.61,47,5,6.94,KZ,1726372768
526,currais novos,-6.2608,-36.5178,20.06,78,1,7.73,BR,1726372770
527,moapa valley,36.5805,-114.4703,29.38,25,0,3.2,US,1726372771
528,iwamizawa,43.2003,141.7597,18.95,74,100,4.05,JP,1726372772
529,malanville,11.8685,3.3899,23.91,94,99,2.09,BJ,1726372773
530,san pedro pochutla,15.7333,-96.4667,26.51,87,100,1.58,MX,1726372774
531,pemangkat,1.1667,108.9667,30.4,52,95,5.23,ID,1726372775
532,preobrazheniye,42.9019,133.9064,20.71,46,5,2.7,RU,1726372776
533,extrema,-22.8547,-46.3183,17.04,73,19,2.12,BR,1726372777
534,moose jaw,50.4001,-105.5344,15.14,51,86,4.12,CA,1726372779
535,sidney,-33.8679,151.2073,17.28,48,66,2.24,AU,1726372500
536,chios,38.3678,26.1358,21.94,70,41,3.12,GR,1726372781
537,gubakha,58.8386,57.5532,15.65,76,5,0.94,RU,1726372782
538,puerto aysen,-45.4,-72.7,4.31,100,100,2.45,CL,1726372783
539,oltinko'l,40.8011,72.1634,25.16,19,5,0.67,UZ,1726372784
540,yazman,29.1212,71.7446,32.55,42,0,6.04,PK,1726372785
541,yeniseysk,58.4497,92.1703,5.0,62,98,3.52,RU,1726372786
542,ostersund,63.1792,14.6357,6.25,84,64,4.12,SE,1726372787
543,mahina,-17.5065,-149.489,22.87,94,100,3.09,PF,1726372789
544,okola,4.0167,11.3833,20.71,98,99,1.13,CM,1726372790
545,saudarkrokur,65.7461,-19.6394,3.68,98,100,6.21,IS,1726372791
546,isangel,-19.55,169.2667,26.06,78,75,6.17,VU,1726372792
547,pacific grove,36.6177,-121.9166,14.12,93,100,3.13,US,1726372793
548,arauco,-37.2463,-73.3175,7.85,80,100,2.61,CL,1726372794
549,tobruk,32.0836,23.9764,25.43,72,35,6.61,LY,1726372795
550,kariba,-16.5167,28.8,21.76,37,0,1.66,ZW,1726372796
551,iglino,54.8324,56.4126,14.91,84,33,2.62,RU,1726372798
552,hilo,19.7297,-155.09,25.61,83,27,0.45,US,1726372799
553,mazan,44.0568,5.1275,12.2,77,0,3.91,FR,1726372800
554,coquimbo,-29.9533,-71.3436,10.85,91,0,2.57,CL,1726372388
555,concepcion,-36.827,-73.0498,9.89,76,0,5.66,CL,1726372792
556,taksimo,56.3444,114.8794,13.27,53,84,1.62,RU,1726372803
557,awjilah,29.1081,21.2869,26.86,59,4,7.87,LY,1726372804
558,charles city,43.0664,-92.6724,20.22,98,0,2.57,US,1726372608
559,singaraja,-8.112,115.0882,30.57,51,23,3.19,ID,1726372806
560,hami,42.8,93.45,21.99,28,10,2.79,CN,1726372808
561,shanwei,22.782,115.3475,29.72,63,25,2.21,CN,1726372809
562,neufchatel-en-bray,49.7332,1.4396,8.13,87,5,0.49,FR,1726372810
563,mubende,0.5606,31.39,15.86,90,46,0.65,UG,1726372811
564,san andres,12.5847,-81.7006,29.01,89,40,2.06,CO,1726372812
565,kyshtovka,56.555,76.6271,9.54,68,2,5.34,RU,1726372813
566,sutton coldfield,52.5667,-1.8167,11.02,90,0,1.54,GB,1726372814
567,lycksele,64.5954,18.6735,-1.07,100,0,1.54,SE,1726372788
568,samana,19.2056,-69.3369,24.64,94,100,2.32,DO,1726372818
569,fada,7.25,4.0667,22.06,99,98,0.58,NG,1726372819
570,xianju,28.85,120.7333,28.88,84,98,1.98,CN,1726372820
571,krasnokamensk,50.0979,118.0369,19.53,41,100,5.75,RU,1726372821
572,greater sudbury,46.49,-80.99,18.54,91,22,1.33,CA,1726372616
573,gombi,10.1614,12.7399,20.72,90,20,0.59,NG,1726372824
574,pampa,35.5362,-100.9599,24.02,43,0,4.63,US,1726372825
575,urbano santos,-3.2078,-43.4036,22.15,94,6,2.1,BR,1726372827
576,taikang,46.8333,124.4167,22.27,35,17,6.55,CN,1726372829
